@Edshoe2001,#AMC,Tue Nov 16 13:20:15 CST 2021
@MMAColbyCovFan,#MMATwitter,Tue Nov 16 13:20:16 CST 2021
@Rabiyaa41478480,#Ethiopia,Tue Nov 16 13:20:16 CST 2021
@masterRaian,#GranblueFantasy,Tue Nov 16 13:20:16 CST 2021
@gremlin455ta,#MVSales,Tue Nov 16 13:20:17 CST 2021
@BilalDa91737718,#LunarCrush,Tue Nov 16 13:20:17 CST 2021
@BilalDa91737718,#binance,Tue Nov 16 13:20:17 CST 2021
@BilalDa91737718,#okex,Tue Nov 16 13:20:17 CST 2021
@BilalDa91737718,#ftx,Tue Nov 16 13:20:17 CST 2021
@BilalDa91737718,#huobiglobal,Tue Nov 16 13:20:17 CST 2021
@SandyShindleman,#cre,Tue Nov 16 13:20:18 CST 2021
@iamlvman,#KCORP,Tue Nov 16 13:20:18 CST 2021
@qfppZwTEE1fyF1j,#putariademacho,Tue Nov 16 13:20:18 CST 2021
@qfppZwTEE1fyF1j,#cru,Tue Nov 16 13:20:18 CST 2021
@Atsbaha4,#UN,Tue Nov 16 13:20:21 CST 2021
@Rabiyaa41478480,#FreeAllPol,Tue Nov 16 13:20:21 CST 2021
@MetaRPGs,#NFTs,Tue Nov 16 13:20:22 CST 2021
@LinaTay11809767,#Adele,Tue Nov 16 13:20:22 CST 2021
@LinaTay11809767,#TheFemaleArtist,Tue Nov 16 13:20:22 CST 2021
@LinaTay11809767,#PCAs,Tue Nov 16 13:20:22 CST 2021
@G0XDGURL,#talkxreal,Tue Nov 16 13:20:23 CST 2021
@ArdenFredy23,#FUX,Tue Nov 16 13:20:23 CST 2021
@FrederickMelo,#StPaul,Tue Nov 16 13:20:23 CST 2021
@MechaTheSpider,#gunpla,Tue Nov 16 13:20:24 CST 2021
@Igboamaefu,#LekkitollgateMassacre,Tue Nov 16 13:20:24 CST 2021
@SyafaNabilla10,#Airdrop,Tue Nov 16 13:20:25 CST 2021
@SyafaNabilla10,#Algorand,Tue Nov 16 13:20:25 CST 2021
@SyafaNabilla10,#AlgoAirdrop,Tue Nov 16 13:20:25 CST 2021
@SyafaNabilla10,#AlgoNFT,Tue Nov 16 13:20:25 CST 2021
@StringsNBullets,#viego,Tue Nov 16 13:20:25 CST 2021
@StringsNBullets,#isolde,Tue Nov 16 13:20:25 CST 2021
@StringsNBullets,#artoflegends,Tue Nov 16 13:20:25 CST 2021
@TheLonester,#NieR,Tue Nov 16 13:20:26 CST 2021
@TheLonester,#PockyDay,Tue Nov 16 13:20:26 CST 2021
@Liverpoolfan389,#emmerdale,Tue Nov 16 13:20:27 CST 2021
@binu_bloods,#Thuppaki,Tue Nov 16 13:20:28 CST 2021
@_lavendyo,#DOYOUNG,Tue Nov 16 13:20:28 CST 2021
@_lavendyo,#NCT,Tue Nov 16 13:20:28 CST 2021
@_lavendyo,#Universe,Tue Nov 16 13:20:28 CST 2021
@_lavendyo,#NCT_Universe,Tue Nov 16 13:20:28 CST 2021
@_lavendyo,#NCT12,Tue Nov 16 13:20:28 CST 2021
@killakrypto1,#MOVRment,Tue Nov 16 13:20:28 CST 2021
@mindsmess_,#ranboofanart,Tue Nov 16 13:20:29 CST 2021
@mindsmess_,#osmpfanart,Tue Nov 16 13:20:29 CST 2021
@vantescy,#TheGroup,Tue Nov 16 13:20:29 CST 2021
@vantescy,#BTS,Tue Nov 16 13:20:29 CST 2021
@vantescy,#PCAs,Tue Nov 16 13:20:29 CST 2021
@Ethiopia_Unity1,#Ethiopia,Tue Nov 16 13:20:29 CST 2021
@StellCutie15,#TWICE,Tue Nov 16 13:20:30 CST 2021
@_lgtwo,#ItsAlwaysJustBeenMe,Tue Nov 16 13:20:30 CST 2021
@PoliteSociety2,#Agenda2030Jab,Tue Nov 16 13:20:30 CST 2021
@PoliteSociety2,#KillShot,Tue Nov 16 13:20:30 CST 2021
@PoliteSociety2,#TeamKentucky,Tue Nov 16 13:20:30 CST 2021
@heyrogf,#ros,Tue Nov 16 13:20:32 CST 2021
@heyrogf,#mamavote,Tue Nov 16 13:20:32 CST 2021
@WWEFanducatch,#RAWTalk,Tue Nov 16 13:20:32 CST 2021
@WWEFanducatch,#WWERaw,Tue Nov 16 13:20:32 CST 2021
@WWEFanducatch,#WWEChampion,Tue Nov 16 13:20:32 CST 2021
@JillDMartin_IP,#RN,Tue Nov 16 13:20:32 CST 2021
@TooBizyGaming,#RidersRepublic,Tue Nov 16 13:20:34 CST 2021
@VDlakulu,#SghubuSaboGirl,Tue Nov 16 13:20:34 CST 2021
@sitijahroh05,#WAM,Tue Nov 16 13:20:35 CST 2021
@mismoonise,#JIN,Tue Nov 16 13:20:35 CST 2021
@mismoonise,#WorldDigitalSongSales,Tue Nov 16 13:20:35 CST 2021
@meltedconfetti,#J2sDay,Tue Nov 16 13:20:35 CST 2021
@Freelancerkelvn,#essaypay,Tue Nov 16 13:20:35 CST 2021
@Freelancerkelvn,#OnlineClasses,Tue Nov 16 13:20:35 CST 2021
@Freelancerkelvn,#Coursework,Tue Nov 16 13:20:35 CST 2021
@Freelancerkelvn,#Project,Tue Nov 16 13:20:35 CST 2021
@Freelancerkelvn,#Essaydue,Tue Nov 16 13:20:35 CST 2021
@Freelancerkelvn,#Paywrite,Tue Nov 16 13:20:35 CST 2021
@Freelancerkelvn,#English,Tue Nov 16 13:20:35 CST 2021
@Freelancerkelvn,#Paperpay,Tue Nov 16 13:20:35 CST 2021
@Freelancerkelvn,#Essay,Tue Nov 16 13:20:35 CST 2021
@linda_lindylou,#INFRASTRUCTUREWEEK,Tue Nov 16 13:20:36 CST 2021
@_nitxuj,#NFTGiveaway,Tue Nov 16 13:20:36 CST 2021
@GodDo_wealth,#175k,Tue Nov 16 13:20:36 CST 2021
@lillyannecullum,#KENT,Tue Nov 16 13:20:37 CST 2021
@lillyannecullum,#ENGLAND,Tue Nov 16 13:20:37 CST 2021
@Obitrades2,#NoToCyberBullying,Tue Nov 16 13:20:37 CST 2021
@Obitrades2,#RespectAll,Tue Nov 16 13:20:37 CST 2021
@MetaRPGs,#NFTs,Tue Nov 16 13:20:39 CST 2021
@WillConlon,#nftartist,Tue Nov 16 13:20:40 CST 2021
@WillConlon,#nftcollect,Tue Nov 16 13:20:40 CST 2021
@invchilling,#HeleneVonRoeder,Tue Nov 16 13:20:41 CST 2021
@invchilling,#MarianneJanik,Tue Nov 16 13:20:41 CST 2021
@invchilling,#DorotheavonBoxberg,Tue Nov 16 13:20:41 CST 2021
@invchilling,#KatharinaGehra,Tue Nov 16 13:20:41 CST 2021
@AMOS65967185,#kronillust,Tue Nov 16 13:20:42 CST 2021
@AMOS65967185,#drawMEI,Tue Nov 16 13:20:42 CST 2021
@Astrochaeunwoo8,#JINJIN,Tue Nov 16 13:20:42 CST 2021
@LuwiOthandiweyo,#UthandoNoxolo,Tue Nov 16 13:20:43 CST 2021
@SupportingJuki,#LaHistoriaRemix,Tue Nov 16 13:20:43 CST 2021
@SupportingJuki,#JDpantoja,Tue Nov 16 13:20:43 CST 2021
@Khan51602766,#Airdrop,Tue Nov 16 13:20:44 CST 2021
@carlostruji,#dogggo,Tue Nov 16 13:20:44 CST 2021
@ASPL365,#TODAY,Tue Nov 16 13:20:45 CST 2021
@ASPL365,#HR2311,Tue Nov 16 13:20:45 CST 2021
@ASPL365,#HR2620,Tue Nov 16 13:20:45 CST 2021
@ASPL365,#HR5910,Tue Nov 16 13:20:45 CST 2021